{
  "pools": [
    {
      "rolls": 1,
      "entries": [
        {
          "type": "minecraft:item",
          "name": "minecraft:snowball",
          "functions": [
            {
              "function": "minecraft:set_custom_data",
              "tag": "{be:true}"
            },
            {
              "function": "minecraft:set_components",
              "components": {
                "minecraft:entity_data": {
                  "id": "minecraft:snowball",
                  "Tags":[
                    "be.snowball"
                  ]
                }
              }
            },
            {
              "function": "minecraft:set_count",
              "count": 1
            },
            {
              "function": "minecraft:set_name",
              "target": "custom_name",
              "name": {
                "text": "Build Tool",
                "color": "green",
                "italic": false
              }
            },
            {
              "function": "minecraft:set_lore",
              "lore": [
                {
                  "text": " "
                },
                {
                  "text": "Controls",
                  "color": "blue",
                  "italic": false,
                  "underlined": false
                },
                [
                  {
                    "keybind": "key.use",
                    "color": "aqua",
                    "italic": false
                  },
                  {
                    "text": " to set position/run",
                    "color": "yellow",
                    "italic": false
                  }
                ],
                [
                  {
                    "keybind": "key.swapOffhand",
                    "color": "aqua",
                    "italic": false
                  },
                  {
                    "text": " to change the mode",
                    "color": "yellow",
                    "italic": false
                  }
                ],
                [
                  {
                    "keybind": "key.drop",
                    "color": "aqua",
                    "italic": false
                  },
                  {
                    "text": " to reset positions and current data",
                    "color": "yellow",
                    "italic": false
                  }
                ],
                {
                  "text": " "
                },
                {
                  "text": "To select a block, put it in your offhand.",
                  "color": "yellow",
                  "italic": false
                }
              ],
              "mode": "replace_all"
            }
          ]
        }
      ]
    }
  ]
}
